Date, Keywords
04/04/2017,Bourse De Paris,Conseil Financier À L'Aide D'Algorithmes Prédictifs,Conversion Devise,Cotation Action Google,Cotation Apple,Cotation Blackberry,Cotation Cac40 Et Indices Mondiaux,Cotation Google,Cours Action Apple,Cours Apple,Cours De L'Action Apple,Cours De L'Or,Cours Des Actions Technologiques
04/04/2017,Cours Des Devises,Cours Des Matières Premières,Cours Des Monnaies,Cours Des Valeurs Technologiques,Cours Du Brent,Cours Du Pétrole,Cours Euro Dollar,Cours Or,Entreprises Françaises
04/04/2017,Valeurs Technologiques,Trading Automatique,Cours Du Marché Financier,Indices Boursiers Mondiaux,Investir En Bourse,Investissement Financier,Investissement Le Plus Rentable,Les Meilleures Actions En Bourse,Les Meilleures Actions Pour Investir En Bourse,Les Meilleures Valeurs Boursières,Les Meilleurs Dividendes En Actions,Marché Des Capitaux,Meilleurs Rendements Actions
04/05/2017,Euro Dollar,Indice Nikkei,Indices Boursiers,Indices Boursiers À Acheter,Indices Boursiers Internationaux,Indices Internationaux,Indices Mondiaux,Investir Avec Moins De 10$,Investir Dans Des Petites Capitalisations,Investir Dans L'Or,Investir En France,Investissement Dans L'Or,Investissements À Court Terme
04/05/2017,Euro Dollar,Indice Nikkei,Indices Boursiers,Indices Boursiers À Acheter,Indices Boursiers Internationaux,Indices Internationaux,Indices Mondiaux,Investir Avec Moins De 10$,Investir Dans Des Petites Capitalisations,Investir Dans L'Or,Investir En France,Investissement Dans L'Or,Investissements À Court Terme
04/05/2017,Marché Européen,Marché Financier,Marchés Financiers Européens,Meilleur Investissement Boursier,Meilleur Placement Financier,Meilleures Valeurs Boursières,Meilleures Valeurs Boursières Identifiées Par Un Algorithme,Meilleures Valeurs Technologiques Identifiées Par Un Algorithme,Meilleures Valeurs Technologiques Pour Une Position Courte,Mesures Des Risques,Modèle Financier,Opportunités D'Investissement,Petite Capitalisation
04/06/2017,Investissements À Long Terme,Le Marché De L'Or,Le Marché Des Changes,Le Portefeuille Boursier De Warren Buffett,Les Matières Premières,Les Meilleures Actions Selon Un Algorithme Prédictif,Les Meilleures Valeurs Boursieres,Les Meilleures Valeurs Boursières Technologiques,Les Meilleures Valeurs Françaises,Les Meilleurs Valeurs Technologiques,Les Préférables Valeurs Boursières,Les Valeurs Boursières Technologiques Plus Rentables,Marché Des Changes
04/12/2017,Petites Valeurs Boursières,Portefeuille D'Actions Les Moins Volatiles,Prédictions Avec Des Algorithmes,Prédictions Des Investissements,Prévision Boursière,Prévision De L'Action Wells Fargo,Prévision Des Meilleures Actions Françaises,Prévision Du Taux De Change,Principaux Indices Boursiers,Prix De L'Action Apple,Prix De L'Or,Prix Des Matières Premières,Prix Du Pétrole,Quant Trading,Quel Est Le Meilleur Investissement,Rapport Complet Des Echanges,Rendement De La Bourse
04/12/2017,Petites Valeurs Boursières,Portefeuille D'Actions Les Moins Volatiles,Prédictions Avec Des Algorithmes,Prédictions Des Investissements,Prévision Boursière,Prévision De L'Action Wells Fargo,Prévision Des Meilleures Actions Françaises,Prévision Du Taux De Change,Principaux Indices Boursiers,Prix De L'Action Apple,Prix De L'Or,Prix Des Matières Premières,Prix Du Pétrole,Quant Trading,Quel Est Le Meilleur Investissement,Rapport Complet Des Echanges,Rendement De La Bourse
04/13/2017,Rendement Des Actions,Secteur Technologique,Selection De Valeurs Technologiques,Simulateur De Placement,Stratégie D'Investissement,Stratégie Momentum,Stratégies D'Investissement,Strategies D'Investissement,Swing Trading,Taux De Change,Techniques De Machine Learning,Tendance Baissière Des Actions,Tesla: La Grande Annonce,Trading Quantitatif Paris,Trading Quantitative,Une Victoire Rapide De L'Algorithme,Valeur De L'Or
04/13/2017,Rendement Des Actions,Secteur Technologique,Selection De Valeurs Technologiques,Simulateur De Placement,Stratégie D'Investissement,Stratégie Momentum,Stratégies D'Investissement,Strategies D'Investissement,Swing Trading,Taux De Change,Techniques De Machine Learning,Tendance Baissière Des Actions,Tesla: La Grande Annonce,Trading Quantitatif Paris,Trading Quantitative,Une Victoire Rapide De L'Algorithme,Valeur De L'Or
04/13/2017,Valeurs Bancaires,Valeurs Technologiques Identifiées Par Un Algorithme Prédictif,Volatilité Des Actions,Warren Buffet Investissement,Action Aapl,Action Alu,Comment Investir Son Argent,Investir Dans Des Actions Agressives,Meilleures Actions Identifiées Par Un Algorithme,Placement Or,Prévisions Du Marché Financier,Comprendre La Bourse,Où Investir Son Argent,Valeurs Agressives,Stratégies,Marché Des Devises,Placement Financier
04/14/2017,Stratégie Systématique De Trading,Analyse Quantitative,Analyse Technique De La Bourse,Bourse Européenne,Action Total,Cotation En Bourse,Les Marchés Financiers,Les Meilleures Actions,Prévisions Financières,Stratégie Financière,Conseils Boursiers,Évolution De La Bourse,Les Actions Les Plus Rentables